{
    "hidden_dim": 128,
    "num_layers": 6,
    "dropout": 0.050466220622879636,
    "lr": 0.00026206329212839384,
    "weight_decay": 5.10445179379843e-06,
    "batch_size": 64,
    "num_heads": 4
}