seed,val_acc,val_f1
0,0.7891635292191848,0.8139803581744657
1,0.7924373874611229,0.817027417027417
2,0.7917826158127353,0.8170310701956272
3,0.7889998363070879,0.8150380255416846
4,0.7885087575707972,0.8136180034622043
mean,0.7901784252741857,0.8153389748802798
std,0.0016051924271902167,0.0014568579834699587
