seed,val_acc,val_f1
0,0.8135332345228594,0.84341040739145
1,0.8133622163949379,0.8421407907425266
2,0.8131341922243758,0.8429173854705769
3,0.8139322768213431,0.8415226257525733
4,0.8150723976741535,0.8424324849426851
mean,0.8138068635275341,0.8424847388599623
std,0.0006844524464623903,0.0006466432912558592
