seed,val_acc,val_f1
0,0.7840890489441807,0.8083127452405173
1,0.7819610410869209,0.808013836840588
2,0.7778687182844983,0.8056152413694313
3,0.7832705843836962,0.8104238258877434
4,0.7829431985595023,0.8089887640449438
mean,0.7820265182517596,0.8082708826766447
std,0.0021878584968542864,0.0015665742189780354
