{
    "hidden_dim": 128,
    "num_layers": 6,
    "dropout": 0.01619075386111171,
    "lr": 0.0009966845068403428,
    "weight_decay": 1.0793701156948604e-06,
    "batch_size": 64
}