{
    "hidden_dim": 512,
    "num_layers": 2,
    "dropout": 0.02624699088866785,
    "lr": 0.0019075901208141766,
    "weight_decay": 1.882320926271326e-05,
    "batch_size": 64
}