seed,val_acc,val_f1
0,0.8170531942408829,0.8437868080094229
1,0.8155013363220968,0.8433382137628112
2,0.8165359082679541,0.8450560652395515
3,0.8114492628674885,0.8382755305775346
4,0.8171394085697042,0.8449901337426003
mean,0.8155358220536254,0.8430893502663841
std,0.0021248640310749913,0.0024980867058239362
