{
    "hidden_dim": 512,
    "num_layers": 3,
    "dropout": 0.0659783242256632,
    "lr": 0.00013045338154165455,
    "weight_decay": 2.403767811471815e-06,
    "batch_size": 128
}