{
    "hidden_dim": 512,
    "num_layers": 3,
    "dropout": 0.0541996739358364,
    "lr": 0.00011899765906637908,
    "weight_decay": 6.700674460021161e-05,
    "batch_size": 64
}